protein1,residue1,protein2,residue2,id
Sec03,967,Sec08,5,4
Exo84,25,Sec06,398,6
Exo84,25,Sec06,206,8
Sec05,187,Sec06,249,10
Exo84,36,Sec06,447,12
Sec03,62,Exo70,112,16
Sec10,154,Sec15,37,17
Sec05,830,Exo84,746,18
Sec05,514,Exo70,381,19
Exo70,35,Sec15,37,20
Sec05,422,Exo70,542,21
Sec08,432,Sec03,889,22
Sec05,424,Exo70,542,24
Exo84,41,Exo70,108,26
Exo70,612,Sec05,427,28
Exo84,337,Sec08,352,29
Sec06,69,Sec05,193,30
Sec06,201,Exo84,18,31
Sec05,421,Exo70,541,33
Sec06,398,Exo84,18,38
Sec06,206,Exo84,18,39
Sec15,649,Sec08,932,40
Sec03,984,Exo84,485,43
Sec15,353,Sec10,836,44
Sec10,71,Sec15,184,47
Sec15,651,Sec08,1065,48
Sec05,137,Sec08,5,50
Sec05,197,Sec03,984,51
Exo84,185,Exo70,112,52
Exo84,721,Exo70,80,53
Sec10,48,Sec08,505,54
Sec06,198,Exo84,18,58
Sec08,179,Exo84,337,61
Sec10,501,Sec08,352,62
Sec05,114,Sec03,787,67
Sec05,418,Exo70,601,68
Sec03,780,Sec05,114,71
Sec10,343,Sec06,16,73
Exo84,542,Sec15,193,74
Exo84,541,Sec15,193,76
Exo84,542,Sec15,190,77
Sec08,449,Sec10,501,80
Sec08,446,Sec10,501,83
Sec06,375,Exo84,41,85
Sec10,146,Exo70,98,90
Sec08,374,Sec15,202,91
Sec05,418,Exo70,597,92
Sec05,396,Sec08,774,93
Exo84,41,Sec06,447,94
Sec03,777,Sec05,114,95
Sec15,52,Sec10,197,96
Sec03,782,Sec05,114,97
Sec10,515,Sec08,446,98
Sec10,343,Sec15,37,99
Exo84,630,Sec03,5,101
Sec10,828,Sec08,733,102
Exo84,541,Sec15,190,103
Sec03,1078,Sec08,432,104
Exo70,167,Sec06,43,105
Exo70,167,Sec06,45,106
Sec03,1259,Sec10,515,107
Exo70,75,Exo84,201,108
Sec05,421,Exo84,575,111
Sec05,421,Exo70,612,112
Sec08,66,Sec03,369,114
Sec05,421,Exo84,576,115
Sec15,376,Sec10,835,116
Sec08,52,Sec06,97,118
Sec06,383,Exo84,41,119
Sec08,154,Sec03,655,120
Exo70,98,Sec10,146,123
Sec06,62,Sec03,984,124
Exo70,108,Exo84,18,125
Sec15,649,Sec08,1065,126
Sec06,45,Sec03,5,127
Sec03,602,Exo70,228,128
Sec03,613,Exo70,223,130
Sec10,55,Sec08,505,134
Sec05,122,Sec03,787,136
Sec05,187,Sec06,244,137
Sec15,2,Sec06,403,139
Sec03,601,Exo70,228,140
Sec05,343,Sec03,601,141
Sec08,134,Sec06,53,143
Sec05,46,Sec06,237,144
Sec03,605,Sec06,46,145
Sec03,613,Sec06,45,146
Sec03,613,Sec06,43,147
Sec08,374,Sec15,199,149
Sec10,673,Sec08,351,150
Sec10,501,Sec08,348,151
Sec05,187,Sec06,237,163
Sec06,52,Sec08,134,165
Sec15,353,Sec10,841,166
Sec08,768,Sec05,395,168
Sec03,611,Sec05,228,169
Exo84,571,Sec05,427,172
Exo84,400,Sec08,238,173
Sec06,447,Exo84,25,175
Exo84,185,Exo70,109,176
Sec05,514,Exo70,228,177
Sec06,447,Exo84,41,179
Sec05,819,Sec05,754,2
Sec15,665,Sec15,611,3
Sec06,261,Sec06,249,5
Sec06,268,Sec06,249,7
Sec08,1002,Sec08,1020,9
Sec03,291,Sec03,313,11
Sec03,984,Sec03,5,13
Sec15,843,Sec15,905,14
Sec15,841,Sec15,905,15
Sec03,605,Sec03,803,23
Sec05,418,Sec05,427,25
Exo84,165,Exo84,191,27
Sec03,780,Sec03,803,32
Sec03,782,Sec03,803,34
Sec05,819,Sec05,756,35
Exo84,680,Exo84,617,36
Sec08,1020,Sec08,1028,37
Sec03,877,Sec03,828,41
Exo84,343,Exo84,318,42
Sec03,313,Sec03,330,45
Sec03,313,Sec03,332,46
Sec08,1038,Sec08,1031,49
Sec10,221,Sec10,210,55
Sec03,103,Sec03,144,56
Sec03,803,Sec03,799,57
Sec15,855,Sec15,905,59
Sec15,673,Sec15,905,60
Sec15,670,Sec15,611,63
Sec03,601,Sec03,803,64
Sec03,602,Sec03,803,65
Sec03,601,Sec03,800,66
Sec03,611,Sec03,803,69
Sec15,819,Sec15,905,70
Exo84,630,Exo84,485,72
Sec05,418,Sec05,603,75
Sec06,690,Sec06,686,78
Sec15,381,Sec15,353,79
Sec15,687,Sec15,905,81
Sec05,712,Sec05,606,82
Exo70,75,Exo70,123,84
Exo84,621,Exo84,557,86
Sec10,731,Sec10,718,87
Sec08,157,Sec08,198,88
Exo84,557,Exo84,621,89
Sec15,171,Sec15,208,100
Sec15,509,Sec15,905,109
Sec15,376,Sec15,353,110
Sec05,690,Sec05,421,113
Sec03,1265,Sec03,1332,117
Sec08,179,Sec08,238,121
Sec08,284,Sec08,319,122
Sec03,601,Sec03,792,129
Sec05,282,Sec05,337,131
Sec06,265,Sec06,243,132
Sec05,197,Sec05,201,133
Sec10,48,Sec10,56,135
Sec03,309,Sec03,330,138
Sec08,774,Sec08,820,142
Sec08,304,Sec08,331,148
Sec10,699,Sec10,470,152
Sec06,254,Sec06,165,153
Sec06,249,Sec06,168,154
Sec06,262,Sec06,249,155
Sec03,440,Sec03,433,156
Sec08,1024,Sec08,1028,157
Sec06,254,Sec06,261,158
Sec06,237,Sec06,262,159
Sec08,319,Sec08,238,160
Sec05,282,Sec05,339,161
Sec06,265,Sec06,168,162
Sec08,982,Sec08,1055,164
Exo84,386,Exo84,333,167
Sec03,602,Sec03,800,170
Sec03,1111,Sec03,1101,171
Sec05,343,Sec05,274,174
Sec08,778,Sec08,820,178
