protein1,residue1,protein2,residue2,id,p value
Sec05,282,Sec05,343,1,1.0
Sec05,421,Sec05,603,2,1.0
Sec05,603,Sec05,647,3,1.0
Sec06,248,Sec06,254,4,1.0
Sec05,523,Sec05,343,5,1.0
Sec10,94,Sec15,157,6,1.0
Sec05,211,Sec06,254,7,1.0
Sec15,609,Sec15,604,8,1.0
Exo84,34,Sec06,565,9,1.0
Sec08,1038,Sec08,992,10,1.0
Sec05,160,Sec05,153,11,1.0
Sec08,899,Sec08,833,12,1.0
Sec05,507,Sec05,528,13,1.0
Exo70,445,Exo70,407,14,1.0
Sec06,565,Sec06,572,15,1.0
Exo70,540,Exo70,537,16,1.0
Sec10,35,Sec10,13,17,1.0
Sec08,1038,Sec08,1048,18,1.0
Sec08,1048,Sec08,918,19,1.0
Sec06,758,Sec06,675,20,1.0
Sec03,360,Sec03,349,21,1.0
Sec10,153,Sec10,197,22,1.0
Sec08,297,Sec05,343,23,1.0
Exo70,548,Exo70,537,24,1.0
Exo70,465,Exo70,407,25,1.0
Sec15,658,Sec08,932,26,1.0
Exo84,34,Sec08,486,27,1.0
Sec03,119,Sec03,1125,28,1.0
Sec05,211,Sec06,62,29,1.0
Exo84,34,Exo84,25,30,1.0
Sec10,35,Sec10,48,31,1.0
Exo84,7,Exo84,18,32,1.0
Exo70,2,Exo84,299,33,1.0
Sec05,421,Exo70,597,34,1.0
Sec15,523,Sec15,566,35,1.0
Sec08,238,Sec08,368,36,1.0
Sec05,32,Sec05,65,37,1.0
Exo70,574,Exo70,564,38,1.0
Sec05,756,Sec05,807,39,1.0
Sec06,265,Sec05,186,40,1.0
Sec05,164,Sec06,97,41,1.0
Exo70,542,Exo70,605,42,1.0
Sec10,48,Sec10,66,43,1.0
Sec08,484,Sec10,474,44,1.0
Sec08,486,Sec08,484,45,1.0
Exo84,534,Sec15,181,46,1.0
Exo70,2,Sec15,156,47,1.0
Sec05,198,Sec06,254,48,1.0
Sec03,1125,Sec08,198,49,1.0
Sec08,1020,Sec08,992,50,1.0
Sec08,820,Sec08,824,51,1.0
Exo84,48,Exo84,34,52,1.0
Sec06,758,Sec06,680,53,1.0
Exo70,322,Exo70,317,54,1.0
Sec10,472,Sec10,464,55,1.0
Sec08,511,Sec10,48,56,1.0
Sec15,848,Sec15,837,57,1.0
Sec15,905,Sec15,658,58,1.0
Sec15,905,Sec15,848,59,1.0
Exo84,386,Sec08,338,60,1.0
Sec03,792,Sec03,800,61,1.0
Sec05,505,Exo70,381,62,1.0
Sec03,439,Sec03,513,63,1.0
Exo70,355,Exo70,381,64,1.0
Sec08,1042,Sec08,1048,65,1.0
Sec08,1055,Sec08,1048,66,1.0
Exo84,41,Exo84,38,67,1.0
Sec03,369,Sec03,144,68,1.0
Sec08,151,Sec10,221,69,1.0
Exo84,669,Exo84,680,70,1.0
Sec03,100,Sec03,144,71,1.0
Sec15,342,Sec10,55,72,1.0
Exo70,548,Exo70,551,73,1.0
Sec05,164,Sec05,160,74,1.0
Sec05,198,Sec03,680,75,1.0
Sec03,349,Sec03,355,76,1.0
Exo84,41,Exo84,34,77,1.0
Sec10,155,Sec10,147,78,1.0
Exo84,191,Exo84,175,79,1.0
Sec08,486,Sec10,470,80,1.0
Exo84,386,Exo84,337,81,1.0
Sec08,151,Sec10,208,82,1.0
Sec05,198,Sec05,211,83,1.0
Sec05,198,Sec05,209,84,1.0
Sec05,421,Exo70,601,85,1.0
Sec10,216,Sec06,572,86,1.0
Exo70,31,Exo70,35,87,1.0
Sec15,633,Sec15,665,88,1.0
Exo70,228,Sec03,613,89,1.0
Sec05,109,Sec05,56,90,1.0
Sec08,1020,Sec08,1008,91,1.0
Sec06,164,Sec06,176,92,1.0
Sec06,62,Sec05,197,93,1.0
Sec10,216,Sec10,176,94,1.0
Sec03,369,Sec03,259,95,1.0
Sec15,905,Sec15,665,96,1.0
Sec15,658,Sec15,665,97,1.0
Sec08,360,Exo84,337,98,1.0
Sec08,432,Sec08,439,99,1.0
Sec08,1032,Sec08,1020,100,1.0
Sec10,334,Exo84,411,101,1.0
Sec06,758,Sec06,755,102,1.0
Sec03,259,Sec03,355,103,1.0
Sec05,114,Sec06,77,104,1.0
Sec08,439,Sec08,351,105,1.0
Sec05,209,Sec05,197,106,1.0
Exo84,2,Sec05,18,107,1.0
Exo70,546,Exo70,601,108,1.0
Sec08,836,Sec08,899,109,1.0
Sec15,905,Sec15,837,110,1.0
Sec15,278,Exo84,725,111,1.0
Exo84,219,Sec10,155,112,1.0
Sec06,254,Sec06,176,113,1.0
Sec03,1323,Sec10,515,114,1.0
Sec03,911,Sec03,877,115,1.0
Sec15,665,GFP,41,116,1.0
Sec08,178,Exo84,337,117,1.0
Exo84,669,Exo84,725,118,1.0
Exo84,175,Exo84,147,119,1.0
Exo84,721,Sec15,278,120,1.0
Sec06,31,Sec10,208,121,1.0
Sec08,1032,Sec08,1055,122,1.0
Sec08,511,Sec10,55,123,1.0
Sec08,1032,Sec08,1024,124,1.0
Sec06,565,Exo84,18,125,1.0
Sec03,911,Sec03,1101,126,1.0
Exo70,167,Sec05,228,127,1.0
Sec05,261,Sec05,234,128,1.0
Sec05,507,Sec05,505,129,1.0
Sec06,265,Sec06,254,130,1.0
Sec05,961,Exo84,725,131,1.0
Sec08,924,Sec08,1016,132,1.0
Sec06,164,Sec06,265,133,1.0
GFP,101,GFP,166,134,1.0
Exo84,41,Sec06,565,135,1.0
Sec06,249,Sec05,186,136,1.0
Sec10,501,Sec08,351,137,1.0
Sec15,149,Sec10,155,138,1.0
Sec03,204,Sec03,62,139,1.0
Sec05,179,Sec05,197,140,1.0
Sec03,144,Sec03,355,141,1.0
Sec08,238,Exo84,343,142,1.0
Sec05,505,Sec05,343,143,1.0
Sec03,792,Sec03,803,144,1.0
Sec05,186,Sec05,175,145,1.0
Sec10,194,Sec10,155,146,1.0
Sec10,94,Sec10,13,147,1.0
Sec10,194,Sec10,187,148,1.0
Sec03,349,Sec03,313,149,1.0
Sec08,238,Exo84,399,150,1.0
Sec08,151,Sec08,198,151,1.0
Sec08,1032,Sec08,1048,152,1.0
Sec06,265,Sec06,236,153,1.0
Sec06,403,Sec06,572,154,1.0
Sec08,470,Sec08,838,155,1.0
Exo70,75,Sec06,565,156,1.0
Exo84,48,Sec06,565,157,1.0
Exo84,27,Exo84,18,158,1.0
Sec10,71,Sec10,55,159,1.0
Sec10,176,Sec10,226,160,1.0
Sec08,893,Exo84,707,161,1.0
Exo84,725,Sec06,572,162,1.0
Sec03,755,Sec03,816,163,1.0
Sec08,125,Sec06,237,164,1.0
GFP,101,GFP,131,165,1.0
Sec08,238,Sec08,360,166,1.0
Exo84,721,Exo84,725,167,1.0
Exo70,2,Sec08,238,168,1.0
Sec08,1055,Sec08,1051,169,1.0
Exo84,725,Sec15,276,170,1.0
Sec05,164,Sec05,157,171,1.0
Sec05,396,Sec05,754,172,1.0
GFP,126,GFP,107,173,1.0
Sec08,1055,Sec08,1038,174,1.0
Sec10,464,Sec10,628,175,1.0
Exo70,228,Sec05,343,176,1.0
Sec08,1042,Sec08,1051,177,1.0
Sec06,403,Sec06,415,178,1.0
Sec06,265,Sec06,244,179,1.0
Exo70,2,Exo84,399,180,1.0
Sec10,94,Sec10,16,181,1.0
Sec10,460,Sec10,628,182,1.0
Sec10,155,Sec06,572,183,1.0
Sec08,368,Exo84,337,184,1.0
Sec08,1024,Sec08,1016,185,1.0
Sec05,170,Sec06,97,186,1.0
Sec08,1032,Sec15,905,187,1.0
Sec06,249,Sec06,265,188,1.0
Sec15,149,Sec15,157,189,1.0
Exo70,90,Sec06,572,190,1.0
Sec08,1038,Sec15,905,191,1.0
Sec08,1032,Sec08,1042,192,1.0
Sec10,94,Sec15,148,193,1.0
Sec10,48,Sec15,232,194,1.0
Sec08,125,Sec06,244,195,1.0
Sec05,18,Sec05,65,196,1.0
Exo70,98,Sec10,147,197,1.0
Sec03,514,Sec03,800,198,1.0
Exo70,597,Exo70,542,199,1.0
Sec08,1020,Sec15,905,200,1.0
Exo84,747,Exo84,707,201,1.0
Exo70,540,Exo70,548,202,1.0
Sec03,369,Sec03,513,203,1.0
Sec06,509,Sec06,501,204,1.0
Sec10,55,Sec15,232,205,1.0
Sec05,18,Exo84,18,206,1.0
Sec08,368,Exo84,399,207,1.0
Sec15,190,Sec15,181,208,1.0
Exo84,14,Exo84,18,209,1.0
Sec03,369,Sec03,355,210,1.0
Sec08,436,Sec08,351,211,1.0
Sec08,1055,Sec08,1042,212,1.0
Sec03,369,Sec03,309,213,1.0
Sec03,11,Sec03,62,214,1.0
Sec15,43,Exo70,35,215,1.0
Sec15,665,GFP,166,216,1.0
Exo84,319,Exo84,262,217,1.0
Sec10,460,Sec10,470,218,1.0
Sec05,198,Sec05,186,219,1.0
Sec05,179,Sec06,69,220,1.0
Sec05,427,Sec05,603,221,1.0
Exo70,540,Exo70,605,222,1.0
Exo84,2,Exo84,14,223,1.0
Sec05,244,Sec05,282,224,1.0
Sec03,816,Sec03,877,225,1.0
Sec05,160,Sec05,228,226,1.0
Sec06,187,Exo84,18,227,1.0
Sec06,501,Sec06,504,228,1.0
Sec05,198,Sec06,249,229,1.0
Sec06,315,Exo84,18,230,1.0
Sec06,56,Sec08,134,231,1.0
Sec08,486,Sec08,439,232,1.0
Sec10,71,Sec15,181,233,1.0
Exo70,322,Sec10,129,234,1.0
Sec05,198,Sec06,248,235,1.0
Exo84,14,Exo84,7,236,1.0
Sec05,924,Sec05,603,237,1.0
Sec05,198,Sec06,244,238,1.0
Sec10,82,Sec10,71,239,1.0
Sec05,198,Sec05,179,240,1.0
Sec08,924,Sec08,1020,241,1.0
Sec05,528,Sec05,343,242,1.0
Exo70,355,Exo70,228,243,1.0
Sec06,236,Sec06,244,244,1.0
Sec03,62,Sec03,355,245,1.0
Sec10,55,Sec10,66,246,1.0
Exo70,540,Exo70,551,247,1.0
Sec15,665,Sec08,1016,248,1.0
Sec03,11,Sec03,5,249,1.0
Sec05,170,Sec05,186,250,1.0
GFP,162,GFP,107,251,1.0
Sec06,254,Sec06,273,252,1.0
Sec05,505,Exo70,228,253,1.0
Sec03,62,Sec03,5,254,1.0
Exo70,228,Exo70,381,255,1.0
Sec10,472,Sec10,501,256,1.0
Sec03,1193,Sec03,911,257,1.0
Sec08,238,Exo84,337,258,1.0
Sec06,249,Sec06,273,259,1.0
Sec15,833,Sec15,848,260,1.0
Exo70,228,Exo70,292,261,1.0
Sec10,197,Sec10,190,262,1.0